"title";"amount";"department";"topic";"city";"views";"date"
"I Paid Rs. 1200 to Municipal Services in Kochi.";"INR 1,200";"Municipal Services";"Birth Certificate";"57";"Kochi, Kerala";2015-11-02
"I Paid Rs. 10000 to Police in Mahesana.";"INR 10,000";"Police";"Traffic Violations";"49";"Mahesana, Gujarat";2015-11-02
"I Paid Rs. 10 to Municipal Services in Jammu.";"INR 10";"Municipal Services";"Birth Certificate";"37";"Jammu, Jammu and Kashmir";2015-11-02
"I Paid Rs. 200 to Income Tax in Pune.";"INR 200";"Income Tax";"New PAN Card";"49";"Pune, Maharashtra";2015-11-02
"I Paid Rs. 20000 to Others in Hyderabad.";"INR 20,000";"Others";"Others";"62";"Hyderabad, Telangana";2015-11-02
"I Paid Rs. 500 to Food, Civil Supplies and Consumer Affairs in Kolkata.";"INR 500";"Food, Civil Supplies and Consumer Affairs";"Issue of Ration Card";"94";"Kolkata, West Bengal";2015-11-02
"I Paid Rs. 111 to Municipal Services in Chennai.";"INR 111";"Municipal Services";"Birth Certificate";"96";"Chennai, Tamil Nadu";2015-11-01
"I Paid Rs. 200 to Municipal Services in Adilabad.";"INR 200";"Municipal Services";"Birth Certificate";"76";"Adilabad, Telangana";2015-11-01
"I Paid Rs. 2000 to Income Tax in Abohar.";"INR 2,000";"Income Tax";"New PAN Card";"105";"Abohar, Punjab";2015-11-01
"I Paid Rs. 100 to Customs, Excise and Service Tax in Abohar.";"INR 100";"Customs, Excise and Service Tax";"Customs Check and Clearance";"86";"Abohar, Punjab";2015-11-01
"I Paid Rs. 345 to Municipal Services in Abhayapuri.";"INR 345";"Municipal Services";"Birth Certificate";"77";"Abhayapuri, Assam";2015-11-01
"I Paid Rs. 33 to Municipal Services in Achhnera.";"INR 33";"Municipal Services";"Birth Certificate";"73";"Achhnera, Uttar Pradesh";2015-11-01
"I Paid Rs. 524001 to Commercial Tax, Sales Tax, VAT in Abohar.";"INR 5,24,001";"Commercial Tax, Sales Tax, VAT";"C Form";"93";"Abohar, Punjab";2015-11-01
"I Paid Rs. 200 to Police in New Delhi.";"INR 200";"Police";"Traffic Violations";"99";"New Delhi, Delhi";2015-11-01
"I Paid Rs. 1000 to Municipal Services in Mansa.";"INR 1,000";"Municipal Services";"Birth Certificate";"76";"Mansa, Punjab";2015-11-01
"I Paid Rs. 108 to Income Tax in Rae Bareli.";"INR 108";"Income Tax";"New PAN Card";"77";"Rae Bareli, Uttar Pradesh";2015-11-01
"I Paid Rs. 100 to Municipal Services in Dehradun.";"INR 100";"Municipal Services";"Birth Certificate";"68";"Dehradun, Uttarakhand";2015-11-01
"I Paid Rs. 105 to Income Tax in Bhopal.";"INR 105";"Income Tax";"New PAN Card";"54";"Bhopal, Madhya Pradesh";2015-11-01
"I Paid Rs. 100 to Others in Bahraich.";"INR 100";"Others";"Others";"56";"Bahraich, Uttar Pradesh";2015-11-01
"I Paid Rs. 1000 to Passport in Kollam.";"INR 1,000";"Passport";"Police Verification for Passport";"65";"Kollam, Kerala";2015-11-01
"I Paid Rs. 8120303241 to Municipal Services in Tikamgarh.";"INR 8,12,03,03,241";"Municipal Services";"Birth Certificate";"57";"Tikamgarh, Madhya Pradesh";2015-11-01
"I Paid Rs. 12345 to Commercial Tax, Sales Tax, VAT in Abohar.";"INR 12,345";"Commercial Tax, Sales Tax, VAT";"C Form";"59";"Abohar, Punjab";2015-11-01
"I Paid Rs. 50 to Municipal Services in Imphal.";"INR 50";"Municipal Services";"Birth Certificate";"53";"Imphal, Manipur";2015-11-01
"I Paid Rs. 100 to Municipal Services in Adari.";"INR 100";"Municipal Services";"Birth Certificate";"41";"Adari, Uttar Pradesh";2015-11-01
"I Paid Rs. 10000 to Police in Kolar.";"INR 10,000";"Police";"Filing FIR";"57";"Kolar, Karnataka";2015-11-01
"I Paid Rs. 4552 to Municipal Services in Achhnera.";"INR 4,552";"Municipal Services";"Birth Certificate";"37";"Achhnera, Uttar Pradesh";2015-11-01
"I Paid Rs. 100 to Customs, Excise and Service Tax in Achhnera.";"INR 100";"Customs, Excise and Service Tax";"Customs Check and Clearance";"45";"Achhnera, Uttar Pradesh";2015-11-01
"I paid Rs 300 to police conistable at his home in Tirupati";"INR 300";"Passport";"Police Clearance Certificate";"55";"Tirupati, Andhra Pradesh";2015-11-01
"I Paid Rs. 100 to Municipal Services in Kolkata.";"INR 100";"Municipal Services";"Birth Certificate";"41";"Kolkata, West Bengal";2015-11-01
"I Paid Rs. 1000 to Police in Bangalore.";"INR 1,000";"Police";"Filing FIR";"92";"Bangalore, Karnataka";2015-10-31
"I Paid Rs. 1122 to Municipal Services in Jhalawar.";"INR 1,122";"Municipal Services";"Birth Certificate";"67";"Jhalawar, Rajasthan";2015-10-31
"I Paid Rs. 600 to Municipal Services in Goalpara.";"INR 600";"Municipal Services";"Birth Certificate";"86";"Goalpara, Assam";2015-10-31
"I Paid Rs. 400 to Others in Chittoor.";"INR 400";"Others";"Others";"97";"Chittoor, Andhra Pradesh";2015-10-31
"Bribe for passport verification";"INR 200";"Police";"Police Clearance Certificate";"92";"Mumbai, Maharashtra";2015-10-31
"I Paid Rs. 1000 to Commercial Tax, Sales Tax, VAT in Gurgaon.";"INR 1,000";"Commercial Tax, Sales Tax, VAT";"C Form";"71";"Gurgaon, Haryana";2015-10-31
"I Paid Rs. 100 to Commercial Tax, Sales Tax, VAT in Abohar.";"INR 100";"Commercial Tax, Sales Tax, VAT";"C Form";"67";"Abohar, Punjab";2015-10-31
"I Paid Rs. 500 to Customs, Excise and Service Tax in Abhayapuri.";"INR 500";"Customs, Excise and Service Tax";"Customs Check and Clearance";"68";"Abhayapuri, Assam";2015-10-31
"I Paid Rs. 200 to Income Tax in Bangalore.";"INR 200";"Income Tax";"New PAN Card";"63";"Bangalore, Karnataka";2015-10-31
"I Paid Rs. 100000 to Municipal Services in Lucknow.";"INR 1,00,000";"Municipal Services";"Birth Certificate";"44";"Lucknow, Uttar Pradesh";2015-10-31
"I Paid Rs. 500 to Passport in Anantapur.";"INR 500";"Passport";"Police Verification for Passport";"56";"Anantapur, Andhra Pradesh";2015-10-31
"I Paid Rs. 50000 to Municipal Services in Mumbai.";"INR 50,000";"Municipal Services";"Birth Certificate";"67";"Mumbai, Maharashtra";2015-10-31
"I Paid Rs. 13 to Municipal Services in Ahmedabad.";"INR 13";"Municipal Services";"Birth Certificate";"56";"Ahmedabad, Gujarat";2015-10-31
"I Paid Rs. 100 to Customs, Excise and Service Tax in Gorakhpur.";"INR 100";"Customs, Excise and Service Tax";"Customs Check and Clearance";"69";"Gorakhpur, Uttar Pradesh";2015-10-31
"I Paid Rs. 10000 to Municipal Services in Bareilly.";"INR 10,000";"Municipal Services";"Birth Certificate";"63";"Bareilly, Uttar Pradesh";2015-10-31
"I Paid Rs. 100 to Transport in Abohar.";"INR 100";"Transport";"Duplicate Registration Certificate";"58";"Abohar, Punjab";2015-10-31
"I Paid Rs. 100 to Police in New Delhi.";"INR 100";"Police";"Traffic Violations";"53";"New Delhi, Delhi";2015-10-31
"I Paid Rs. 210 to Municipal Services in Adari.";"INR 210";"Municipal Services";"Birth Certificate";"47";"Adari, Uttar Pradesh";2015-10-31
"I Paid Rs. 100 to Food, Civil Supplies and Consumer Affairs in Chennai.";"INR 100";"Food, Civil Supplies and Consumer Affairs";"Issue of Ration Card";"51";"Chennai, Tamil Nadu";2015-10-31
"I Paid Rs. 40 to Municipal Services in Nagpur.";"INR 40";"Municipal Services";"Birth Certificate";"46";"Nagpur, Maharashtra";2015-10-31
"I Paid Rs. 10000 to Others in Hyderabad.";"INR 10,000";"Others";"Others";"44";"Hyderabad, Telangana";2015-10-31
"I Paid Rs. 100 to Police in Akola.";"INR 100";"Police";"Traffic Violations";"43";"Akola, Madhya Pradesh";2015-10-31
"I Paid Rs. 1 to Income Tax in Barabanki.";"INR 1";"Income Tax";"New PAN Card";"41";"Barabanki, Uttar Pradesh";2015-10-31
"I Paid Rs. 10 to Commercial Tax, Sales Tax, VAT in Abhayapuri.";"INR 10";"Commercial Tax, Sales Tax, VAT";"C Form";"39";"Abhayapuri, Assam";2015-10-31
"I Paid Rs. 25 to Municipal Services in Akola.";"INR 25";"Municipal Services";"Birth Certificate";"34";"Akola, Madhya Pradesh";2015-10-31
"I Paid Rs. 5000 to Stamps and Registration in Pune.";"INR 5,000";"Stamps and Registration";"Registration of Flat or Apartment";"66";"Pune, Maharashtra";2015-10-31
"I Paid Rs. 1 to Municipal Services in Bhubaneswar.";"INR 1";"Municipal Services";"Birth Certificate";"34";"Bhubaneswar, Orissa";2015-10-31
"No way of getting out of this :(";"INR 10,000";"Commercial Tax, Sales Tax, VAT";"VAT Registration";"74";"New Delhi, Delhi";2015-10-31
"I Paid Rs. 100 to Municipal Services in Abhayapuri.";"INR 100";"Municipal Services";"Birth Certificate";"58";"Abhayapuri, Assam";2015-10-31
"I Paid Rs. 450 to Municipal Services in Abhayapuri.";"INR 450";"Municipal Services";"Birth Certificate";"52";"Abhayapuri, Assam";2015-10-31
"I Paid Rs. 10 to Income Tax in Madurai.";"INR 10";"Income Tax";"New PAN Card";"59";"Madurai, Tamil Nadu";2015-10-31
"I Paid Rs. 15 to Others in Kozhikode.";"INR 15";"Others";"Others";"87";"Kozhikode, Kerala";2015-10-30
"I Paid Rs. 200 to Municipal Services in Gorakhpur.";"INR 200";"Municipal Services";"Birth Certificate";"79";"Gorakhpur, Uttar Pradesh";2015-10-30
"I Paid Rs. 300 to Municipal Services in Achhnera.";"INR 300";"Municipal Services";"Birth Certificate";"94";"Achhnera, Uttar Pradesh";2015-10-30
"I Paid Rs. 777 to Municipal Services in Thane.";"INR 777";"Municipal Services";"Birth Certificate";"77";"Thane, Maharashtra";2015-10-30
"I Paid Rs. 100 to Passport in Pune.";"INR 100";"Passport";"Passport Delivery";"92";"Pune, Maharashtra";2015-10-30
"I Paid Rs. 65 to Others in Amritsar.";"INR 65";"Others";"Others";"79";"Amritsar, Punjab";2015-10-30
"I Paid Rs. 5000 to Municipal Services in Nashik.";"INR 5,000";"Municipal Services";"Birth Certificate";"66";"Nashik, Maharashtra";2015-10-30
"I Paid Rs. 1995 to Municipal Services in Mangalore.";"INR 1,995";"Municipal Services";"Birth Certificate";"67";"Mangalore, Karnataka";2015-10-30
"I Paid Rs. 200 to Municipal Services in Abhayapuri.";"INR 200";"Municipal Services";"Birth Certificate";"50";"Abhayapuri, Assam";2015-10-30
"I Paid Rs. 272165 to Others in Gonda.";"INR 2,72,165";"Others";"Others";"56";"Gonda, Uttar Pradesh";2015-10-30
"I Paid Rs. 33 to Commercial Tax, Sales Tax, VAT in Abohar.";"INR 33";"Commercial Tax, Sales Tax, VAT";"C Form";"51";"Abohar, Punjab";2015-10-30
"I Paid Rs. 10 to Municipal Services in Jabalpur.";"INR 10";"Municipal Services";"Birth Certificate";"57";"Jabalpur, Madhya Pradesh";2015-10-30
"I Paid Rs. 500 to Income Tax in Hingoli.";"INR 500";"Income Tax";"New PAN Card";"54";"Hingoli, Maharashtra";2015-10-30
"I Paid Rs. 800 to Municipal Services in Achhnera.";"INR 800";"Municipal Services";"Birth Certificate";"68";"Achhnera, Uttar Pradesh";2015-10-30
"I Paid Rs. 16000 to Municipal Services in Mumbai.";"INR 16,000";"Municipal Services";"Birth Certificate";"78";"Mumbai, Maharashtra";2015-10-29
"I Paid Rs. 123 to Transport in New Delhi.";"INR 123";"Transport";"New Domestic Driving License";"90";"New Delhi, Delhi";2015-10-29
"I Paid Rs. 5000 to Municipal Services in Abhayapuri.";"INR 5,000";"Municipal Services";"Birth Certificate";"66";"Abhayapuri, Assam";2015-10-29
"I Paid Rs. 1000 to Municipal Services in Pimpri-Chinchwad.";"INR 1,000";"Municipal Services";"Birth Certificate";"58";"Pimpri-Chinchwad, Maharashtra";2015-10-29
"I Paid Rs. 500 to Others in Ambattur.";"INR 500";"Others";"Others";"71";"Ambattur, Tamil Nadu";2015-10-29
"I Paid Rs. 2000 to Others in Cooch Behar.";"INR 2,000";"Others";"Others";"71";"Cooch Behar, West Bengal";2015-10-29
"I Paid Rs. 50 to Police in Surat.";"INR 50";"Police";"Traffic Violations";"76";"Surat, Gujarat";2015-10-29
"I paid a bribe of Rs 5000 for Marriage  Registration";"INR 5,000";"Stamps and Registration";"Marriage Registration";"169";"Chennai, Tamil Nadu";2015-10-29
"I Paid Rs. 123456 to Others in Katihar.";"INR 1,23,456";"Others";"Others";"72";"Katihar, Bihar";2015-10-29
"I Paid Rs. 8 to Income Tax in Adilabad.";"INR 8";"Income Tax";"New PAN Card";"104";"Adilabad, Telangana";2015-10-29
"Mr Harsh Chaturvedi, Inspector of Factory Act 1948, Moti Mahal Gwalior";"INR 5,000";"Labour";"Inspection of Office or Factories";"111";"Gwalior, Madhya Pradesh";2015-10-28
"I Paid Rs. 1000 to Municipal Services in Thiruvananthapuram.";"INR 1,000";"Municipal Services";"Birth Certificate";"115";"Thiruvananthapuram, Kerala";2015-10-28
"I paid 3000/- for getting DOB certificate";"INR 3,000";"Municipal Services";"Non Availability Certificate";"122";"Visakhapatnam, Andhra Pradesh";2015-10-28
"I Paid Rs. 10 to Commercial Tax, Sales Tax, VAT in Cuddapah.";"INR 10";"Commercial Tax, Sales Tax, VAT";"C Form";"120";"Cuddapah, Andhra Pradesh";2015-10-28
"I Paid Rs. 10000 to Others in Guwahati.";"INR 10,000";"Others";"Others";"107";"Guwahati, Assam";2015-10-28
"I Paid Rs. 1200 to Others in Sambalpur.";"INR 1,200";"Others";"Others";"113";"Sambalpur, Orissa";2015-10-28
"I Paid Rs. 1000 to Customs, Excise and Service Tax in Kochi.";"INR 1,000";"Customs, Excise and Service Tax";"Customs Check and Clearance";"137";"Kochi, Kerala";2015-10-28
"I Paid Rs. 5000 to Municipal Services in Amarpur.";"INR 5,000";"Municipal Services";"Birth Certificate";"120";"Amarpur, Bihar";2015-10-28
"I Paid Rs. 34 to Commercial Tax, Sales Tax, VAT in Achhnera.";"INR 34";"Commercial Tax, Sales Tax, VAT";"C Form";"157";"Achhnera, Uttar Pradesh";2015-10-27
"I Paid Rs. 1000 to Police in Pune.";"INR 1,000";"Police";"Police Harassment";"162";"Pune, Maharashtra";2015-10-27
"I Paid Rs. 5000 to Municipal Services in Achhnera.";"INR 5,000";"Municipal Services";"Birth Certificate";"146";"Achhnera, Uttar Pradesh";2015-10-27
"I Paid Rs. 1111 to Others in Goalpara.";"INR 1,111";"Others";"Others";"137";"Goalpara, Assam";2015-10-27
"I Paid Rs. 23 to Municipal Services in Siliguri.";"INR 23";"Municipal Services";"Birth Certificate";"129";"Siliguri, West Bengal";2015-10-27
"I Paid Rs. 50 to Customs, Excise and Service Tax in Mumbai.";"INR 50";"Customs, Excise and Service Tax";"Customs Check and Clearance";"139";"Mumbai, Maharashtra";2015-10-27
"I Paid Rs. 200 to Commercial Tax, Sales Tax, VAT in Shahabad, Hardoi.";"INR 200";"Commercial Tax, Sales Tax, VAT";"C Form";"139";"Shahabad, Hardoi, Uttar Pradesh";2015-10-27
"I Paid Rs. 100 to Municipal Services in Abohar.";"INR 100";"Municipal Services";"Birth Certificate";"142";"Abohar, Punjab";2015-10-27
"I Paid Rs. 10 to Commercial Tax, Sales Tax, VAT in Jaipur.";"INR 10";"Commercial Tax, Sales Tax, VAT";"C Form";"127";"Jaipur, Rajasthan";2015-10-27
"Open bribe demanded by officers in shiggaon taluk, haveri district - property Registrar office";"INR 10,000";"Municipal Services";"Registration of Land";"204";"Haveri, Karnataka";2015-10-27
"I Paid Rs. 100 to Passport in Gwalior.";"INR 100";"Passport";"Passport Delivery";"136";"Gwalior, Madhya Pradesh";2015-10-27
"I Paid Rs. 5000 to Municipal Services in Achhnera.";"INR 5,000";"Municipal Services";"Birth Certificate";"152";"Achhnera, Uttar Pradesh";2015-10-27
"I Paid Rs. 10000 to Municipal Services in Mumbai.";"INR 10,000";"Municipal Services";"Birth Certificate";"147";"Mumbai, Maharashtra";2015-10-26
"Corrupt unashamed officers in Madurai DEO Office";"INR 2,500";"Education";"School or College Related Activities";"156";"Madurai, Tamil Nadu";2015-10-26
"I Paid Rs. 400054 to Municipal Services in Mumbai.";"INR 4,00,054";"Municipal Services";"Birth Certificate";"151";"Mumbai, Maharashtra";2015-10-26
"I Paid Rs. 46 to Stamps and Registration in New Delhi.";"INR 46";"Stamps and Registration";"Marriage Certificate";"178";"New Delhi, Delhi";2015-10-26
"I Paid Rs. 18 to Others in Tezpur.";"INR 18";"Others";"Others";"140";"Tezpur, Assam";2015-10-26
"I Paid Rs. 10 to Municipal Services in Mumbai.";"INR 10";"Municipal Services";"Birth Certificate";"125";"Mumbai, Maharashtra";2015-10-26
"I Paid Rs. 3500 to Transport in Bhubaneswar.";"INR 3,500";"Transport";"Registration of Vehicle";"162";"Bhubaneswar, Orissa";2015-10-26
"I Paid Rs. 123 to Police in Etawah.";"INR 123";"Police";"Police Harassment";"143";"Etawah, Uttar Pradesh";2015-10-26
"I Paid Rs. 200000 to Municipal Services in New Delhi.";"INR 2,00,000";"Municipal Services";"Birth Certificate";"110";"New Delhi, Delhi";2015-10-26
"I Paid Rs. 100 to Police in Bangalore.";"INR 100";"Police";"Police Harassment";"129";"Bangalore, Karnataka";2015-10-26
"I Paid Rs. 625000 to Police in Madurai.";"INR 6,25,000";"Police";"Traffic Violations";"152";"Madurai, Tamil Nadu";2015-10-26
"I Paid Rs. 1 to Others in Indore.";"INR 1";"Others";"Others";"115";"Indore, Madhya Pradesh";2015-10-26
"I Paid Rs. 15000 to Municipal Services in Anandnagaar.";"INR 15,000";"Municipal Services";"Birth Certificate";"111";"Anandnagaar, Assam";2015-10-26
"I Paid Rs. 10 to Municipal Services in Kolkata.";"INR 10";"Municipal Services";"Birth Certificate";"101";"Kolkata, West Bengal";2015-10-26
"I Paid Rs. 23 to Municipal Services in Gulbarga.";"INR 23";"Municipal Services";"Birth Certificate";"104";"Gulbarga, Karnataka";2015-10-26
"I Paid Rs. 20 to Railways in Abhayapuri.";"INR 20";"Railways";"Transport of Goods";"128";"Abhayapuri, Assam";2015-10-26
"I Paid Rs. 13 to Customs, Excise and Service Tax in Abhayapuri.";"INR 13";"Customs, Excise and Service Tax";"Customs Check and Clearance";"124";"Abhayapuri, Assam";2015-10-26
"I Paid Rs. 10 to Municipal Services in Gurgaon.";"INR 10";"Municipal Services";"Birth Certificate";"94";"Gurgaon, Haryana";2015-10-26
"I Paid Rs. 300 to Police in Bangalore.";"INR 300";"Police";"Traffic Violations";"146";"Bangalore, Karnataka";2015-10-26
"I Paid Rs. 7000 to Commercial Tax, Sales Tax, VAT in Abhayapuri.";"INR 7,000";"Commercial Tax, Sales Tax, VAT";"C Form";"144";"Abhayapuri, Assam";2015-10-25
"Bribe given to issue RTC of the land";"INR 35,000";"Revenue";"Urban Land Ceiling Clearance Certificate";"140";"Chikmagalur, Karnataka";2015-10-25
"The Sub Registrar collected INR 35000 before registration of the land";"INR 35,000";"Stamps and Registration";"Land Registration";"420";"Chikmagalur, Karnataka";2015-10-25
"I paid a bribe to a police officer";"INR 250";"Passport";"Police Verification for Passport";"241";"New Delhi, Delhi";2015-10-25
"I Paid Rs. 120 to Municipal Services in Pune.";"INR 120";"Municipal Services";"Birth Certificate";"161";"Pune, Maharashtra";2015-10-25
"Bribe paid to Customs Officials at Hyderabad International Airport";"INR 2,000";"Airports";"Immigration Check";"186";"Hyderabad, Telangana";2015-10-25
"I Paid Rs. 100 to Municipal Services in Hyderabad.";"INR 100";"Municipal Services";"Birth Certificate";"177";"Hyderabad, Telangana";2015-10-25
"I Paid Rs. 25 to Municipal Services in Chennai.";"INR 25";"Municipal Services";"Birth Certificate";"183";"Chennai, Tamil Nadu";2015-10-25
"I Paid Rs. 500000 to Municipal Services in Aurangabad.";"INR 5,00,000";"Municipal Services";"Birth Certificate";"162";"Aurangabad, Maharashtra";2015-10-25
"I Paid Rs. 100 to Municipal Services in Ulhasnagar.";"INR 100";"Municipal Services";"Birth Certificate";"146";"Ulhasnagar, Maharashtra";2015-10-24
"I Paid Rs. 2000 to Income Tax in Chennai.";"INR 2,000";"Income Tax";"New PAN Card";"180";"Chennai, Tamil Nadu";2015-10-24
"I Paid Rs. 100 to Police in New Delhi.";"INR 100";"Police";"Traffic Violations";"193";"New Delhi, Delhi";2015-10-24
"I Paid Rs. 1999 to Municipal Services in Thiruvananthapuram.";"INR 1,999";"Municipal Services";"Birth Certificate";"144";"Thiruvananthapuram, Kerala";2015-10-24
"I Paid Rs. 300000 to Municipal Services in Kolkata.";"INR 3,00,000";"Municipal Services";"Birth Certificate";"140";"Kolkata, West Bengal";2015-10-24
"I Paid Rs. 100 to Municipal Services in Chennai.";"INR 100";"Municipal Services";"Birth Certificate";"140";"Chennai, Tamil Nadu";2015-10-24
"I Paid Rs. 800000 to Stamps and Registration in Mumbai.";"INR 8,00,000";"Stamps and Registration";"Registration of Property";"193";"Mumbai, Maharashtra";2015-10-24
"I Paid Rs. 100 to Municipal Services in Abhayapuri.";"INR 100";"Municipal Services";"Birth Certificate";"144";"Abhayapuri, Assam";2015-10-24
"I Paid Rs. 248 to Transport in New Delhi.";"INR 248";"Transport";"Duplicate Registration Certificate";"203";"New Delhi, Delhi";2015-10-24
"I Paid Rs. 123456 to Others in Dadri.";"INR 1,23,456";"Others";"Others";"151";"Dadri, Uttar Pradesh";2015-10-24
"I Paid Rs. 10 to Municipal Services in Bhopal.";"INR 10";"Municipal Services";"Birth Certificate";"119";"Bhopal, Madhya Pradesh";2015-10-24
"I Paid Rs. 500 to Police in Lucknow.";"INR 500";"Police";"Filing FIR";"139";"Lucknow, Uttar Pradesh";2015-10-24
"I Paid Rs. 12000 to Municipal Services in Mumbai.";"INR 12,000";"Municipal Services";"Birth Certificate";"121";"Mumbai, Maharashtra";2015-10-24
"For taking  an action on filed complaint.";"INR 8,000";"Police";"Lodging Police Complaint";"140";"Ghaziabad, Uttar Pradesh";2015-10-24
"I Paid Rs. 100 to Municipal Services in Adilabad.";"INR 100";"Municipal Services";"Birth Certificate";"103";"Adilabad, Telangana";2015-10-24
"I Paid Rs. 150 to Municipal Services in Abhayapuri.";"INR 150";"Municipal Services";"Birth Certificate";"117";"Abhayapuri, Assam";2015-10-24
"I Paid Rs. 100 to Customs, Excise and Service Tax in Gwalior.";"INR 100";"Customs, Excise and Service Tax";"Customs Check and Clearance";"99";"Gwalior, Madhya Pradesh";2015-10-24
"I Paid Rs. 100 to Income Tax in Mumbai.";"INR 100";"Income Tax";"New PAN Card";"148";"Mumbai, Maharashtra";2015-10-24
"I Paid Rs. 1 to Municipal Services in Indore.";"INR 1";"Municipal Services";"Birth Certificate";"131";"Indore, Madhya Pradesh";2015-10-23
"I Paid Rs. 1200 to Municipal Services in Abhayapuri.";"INR 1,200";"Municipal Services";"Birth Certificate";"127";"Abhayapuri, Assam";2015-10-23
"I Paid Rs. 6000 to Others in Abhayapuri.";"INR 6,000";"Others";"Others";"143";"Abhayapuri, Assam";2015-10-23
"I Paid Rs. 50000 to Stamps and Registration in Abohar.";"INR 50,000";"Stamps and Registration";"Marriage Certificate";"193";"Abohar, Punjab";2015-10-23
"I Paid Rs. 15111 to Municipal Services in Surat.";"INR 15,111";"Municipal Services";"Birth Certificate";"130";"Surat, Gujarat";2015-10-23
"I Paid Rs. 100 to Municipal Services in Shivpuri.";"INR 100";"Municipal Services";"Birth Certificate";"111";"Shivpuri, Madhya Pradesh";2015-10-23
"I Paid Rs. 50 to Municipal Services in Pune.";"INR 50";"Municipal Services";"Birth Certificate";"107";"Pune, Maharashtra";2015-10-23
"I Paid Rs. 120 to Commercial Tax, Sales Tax, VAT in New Delhi.";"INR 120";"Commercial Tax, Sales Tax, VAT";"C Form";"150";"New Delhi, Delhi";2015-10-23
"I Paid Rs. 300 to Others in Belgaum.";"INR 300";"Others";"Others";"130";"Belgaum, Karnataka";2015-10-23
"I Paid Rs. 10 to Customs, Excise and Service Tax in Palasa Kasibugga.";"INR 10";"Customs, Excise and Service Tax";"Customs Check and Clearance";"124";"Palasa Kasibugga, Andhra Pradesh";2015-10-23
"I Paid Rs. 1000 to Municipal Services in Agartala.";"INR 1,000";"Municipal Services";"Birth Certificate";"87";"Agartala, Tripura";2015-10-23
"I Paid Rs. 15000 to Municipal Services in Uttara Kannada.";"INR 15,000";"Municipal Services";"Birth Certificate";"97";"Uttara Kannada, Karnataka";2015-10-23
"I Paid Rs. 10 to Others in Maldah.";"INR 10";"Others";"Others";"117";"Maldah, West Bengal";2015-10-23
"I Paid Rs. 250000 to Income Tax in Madurai.";"INR 2,50,000";"Income Tax";"New PAN Card";"123";"Madurai, Tamil Nadu";2015-10-23
"I Paid Rs. 2500 to Municipal Services in Abhayapuri.";"INR 2,500";"Municipal Services";"Birth Certificate";"104";"Abhayapuri, Assam";2015-10-23
"I Paid Rs. 1400 to Municipal Services in Vadakara.";"INR 1,400";"Municipal Services";"Birth Certificate";"99";"Vadakara, Kerala";2015-10-23
"Airport customs Red channel";"INR 1,100";"Airports";"Customs";"176";"Mumbai, Maharashtra";2015-10-23
"I Paid Rs. 1000 to Railways in Chennai.";"INR 1,000";"Railways";"Transport of Goods";"200";"Chennai, Tamil Nadu";2015-10-22
"I Paid Rs. 200 to Police in Gurgaon.";"INR 200";"Police";"Filing FIR";"162";"Gurgaon, Haryana";2015-10-22
"I Paid Rs. 100 to Others in Kota.";"INR 100";"Others";"Others";"156";"Kota, Rajasthan";2015-10-22
"I Paid Rs. 500 to Police in Kolkata.";"INR 500";"Police";"Filing FIR";"181";"Kolkata, West Bengal";2015-10-22
"I Paid Rs. 76 to Others in New Delhi.";"INR 76";"Others";"Others";"224";"New Delhi, Delhi";2015-10-22
"I Paid Rs. 42 to Others in Ponnur.";"INR 42";"Others";"Others";"191";"Ponnur, Andhra Pradesh";2015-10-22
"I Paid Rs. 10 to Municipal Services in Jaunpur.";"INR 10";"Municipal Services";"Birth Certificate";"145";"Jaunpur, Uttar Pradesh";2015-10-22
"I Paid Rs. 21 to Municipal Services in Abhayapuri.";"INR 21";"Municipal Services";"Birth Certificate";"143";"Abhayapuri, Assam";2015-10-22
"I Paid Rs. 122 to Municipal Services in Bhagalpur.";"INR 122";"Municipal Services";"Birth Certificate";"136";"Bhagalpur, Bihar";2015-10-22
"I Paid Rs. 500 to Transport in Abohar.";"INR 500";"Transport";"Duplicate Registration Certificate";"198";"Abohar, Punjab";2015-10-22
"I paid Rs.3000(approx.) to get Birth Certificate for myself";"INR 3,000";"Municipal Services";"Birth Certificate";"126";"Narasaraopet, Andhra Pradesh";2015-10-22
"I Paid Rs. 1000 to Municipal Services in Chennai.";"INR 1,000";"Municipal Services";"Birth Certificate";"152";"Chennai, Tamil Nadu";2015-10-22
"I Paid Rs. 99 to Income Tax in Adari.";"INR 99";"Income Tax";"New PAN Card";"169";"Adari, Uttar Pradesh";2015-10-22
"I Paid Rs. 22 to Commercial Tax, Sales Tax, VAT in Abhayapuri.";"INR 22";"Commercial Tax, Sales Tax, VAT";"C Form";"181";"Abhayapuri, Assam";2015-10-21
"I Paid Rs. 3000 to Transport in Bidar.";"INR 3,000";"Transport";"New Domestic Driving License";"203";"Bidar, Karnataka";2015-10-21
"I Paid Rs. 22 to Income Tax in Amarpur.";"INR 22";"Income Tax";"New PAN Card";"149";"Amarpur, Bihar";2015-10-21
"I Paid Rs. 300 to Municipal Services in Chandigarh.";"INR 300";"Municipal Services";"Birth Certificate";"146";"Chandigarh, Chandigarh";2015-10-21
"I Paid Rs. 8 to Stamps and Registration in Abhayapuri.";"INR 8";"Stamps and Registration";"Registration of Flat or Apartment";"203";"Abhayapuri, Assam";2015-10-21
"I Paid Rs. 5 to Others in Kurnool.";"INR 5";"Others";"Others";"167";"Kurnool, Andhra Pradesh";2015-10-21
"I Paid Rs. 100 to Others in Jaipur.";"INR 100";"Others";"Others";"143";"Jaipur, Rajasthan";2015-10-21
"I Paid Rs. 876776 to Police in Agra.";"INR 8,76,776";"Police";"Police Harassment";"184";"Agra, Uttar Pradesh";2015-10-21
"I Paid Rs. 5000 to Others in Aligarh.";"INR 5,000";"Others";"Others";"118";"Aligarh, Uttar Pradesh";2015-10-21
"I Paid Rs. 123 to Transport in Adityapur.";"INR 123";"Transport";"New Domestic Driving License";"149";"Adityapur, Jharkhand";2015-10-21
"I Paid Rs. 100 to Commercial Tax, Sales Tax, VAT in Abohar.";"INR 100";"Commercial Tax, Sales Tax, VAT";"C Form";"168";"Abohar, Punjab";2015-10-21
"100 rs for an FIR copy";"INR 100";"Police";"Filing FIR";"172";"Imphal, Manipur";2015-10-21
"I Paid Rs. 1000 to Commercial Tax, Sales Tax, VAT in Achhnera.";"INR 1,000";"Commercial Tax, Sales Tax, VAT";"C Form";"141";"Achhnera, Uttar Pradesh";2015-10-21
"I Paid Rs. 200 to Municipal Services in Pratapgarh.";"INR 200";"Municipal Services";"Birth Certificate";"106";"Pratapgarh, Tripura";2015-10-21
"I Paid Rs. 1000 to Police in Ahmedabad.";"INR 1,000";"Police";"Traffic Violations";"121";"Ahmedabad, Gujarat";2015-10-21
"I Paid Rs. 700 to Municipal Services in Chennai.";"INR 700";"Municipal Services";"Birth Certificate";"103";"Chennai, Tamil Nadu";2015-10-21
"I Paid Rs. 30000 to Municipal Services in Dhanbad.";"INR 30,000";"Municipal Services";"Birth Certificate";"136";"Dhanbad, Jharkhand";2015-10-21
"I Paid Rs. 100 to Municipal Services in Durgapur.";"INR 100";"Municipal Services";"Birth Certificate";"119";"Durgapur, West Bengal";2015-10-21
"I Paid Rs. 100 to Customs, Excise and Service Tax in Basti.";"INR 100";"Customs, Excise and Service Tax";"Customs Check and Clearance";"137";"Basti, Uttar Pradesh";2015-10-21
"I Paid Rs. 9000 to Others in Hyderabad.";"INR 9,000";"Others";"Others";"137";"Hyderabad, Telangana";2015-10-20
"I Paid Rs. 5000 to Municipal Services in Mumbai.";"INR 5,000";"Municipal Services";"Birth Certificate";"129";"Mumbai, Maharashtra";2015-10-20
"I Paid Rs. 44 to  in .";"INR 44";"";"";"170";", ";2015-10-20
"I Paid Rs. 100 to Railways in Bina.";"INR 100";"Railways";"Transport of Goods";"160";"Bina, Madhya Pradesh";2015-10-20
"For the Birth Certificate of My Daughter";"INR 300";"Municipal Services";"Birth Certificate";"193";"Bangalore, Karnataka";2015-10-20
"For Wrong Parking of Two Wheeler";"INR 300";"Police";"Traffic Violations";"197";"Bangalore, Karnataka";2015-10-20
"Have to pay the bribe even after having right documents";"INR 500";"Transport";"Duplicate Driving License";"178";"Jaipur, Rajasthan";2015-10-20
"I Paid Rs. 200 to Municipal Services in Udaipur.";"INR 200";"Municipal Services";"Birth Certificate";"140";"Udaipur, Tripura";2015-10-20
"I Paid Rs. 200 to Municipal Services in Mumbai.";"INR 200";"Municipal Services";"Birth Certificate";"150";"Mumbai, Maharashtra";2015-10-20
"Paid Bribe for filing ER 1 Return and for other certificate";"INR 34,000";"Customs, Excise and Service Tax";"Excise Return";"228";"Bangalore, Karnataka";2015-10-20
"I Paid Rs. 500 to Transport in Abohar.";"INR 500";"Transport";"New Domestic Driving License";"191";"Abohar, Punjab";2015-10-20
"I Paid Rs. 500 to Municipal Services in Bharatpur.";"INR 500";"Municipal Services";"Birth Certificate";"133";"Bharatpur, Rajasthan";2015-10-20
"I Paid Rs. 3500 to Passport in Bangalore.";"INR 3,500";"Passport";"Police Verification for Passport";"344";"Bangalore, Karnataka";2015-10-19
"I Paid Rs. 12000 to Municipal Services in Ludhiana.";"INR 12,000";"Municipal Services";"Birth Certificate";"205";"Ludhiana, Punjab";2015-10-19
"I Paid Rs. 4000 to Transport in Adari.";"INR 4,000";"Transport";"Registration of Vehicle";"192";"Adari, Uttar Pradesh";2015-10-19
"I Paid Rs. 15000 to Others in New Delhi.";"INR 15,000";"Others";"Others";"227";"New Delhi, Delhi";2015-10-19
"I Paid Rs. 100 to Municipal Services in New Delhi.";"INR 100";"Municipal Services";"Birth Certificate";"208";"New Delhi, Delhi";2015-10-19
"I Paid Rs. 54 to Income Tax in Faizabad.";"INR 54";"Income Tax";"New PAN Card";"194";"Faizabad, Uttar Pradesh";2015-10-19
"I Paid Rs. 3500 to Municipal Services in Lucknow.";"INR 3,500";"Municipal Services";"Birth Certificate";"183";"Lucknow, Uttar Pradesh";2015-10-19
"I Paid Rs. 100 to Municipal Services in Dharmapuri.";"INR 100";"Municipal Services";"Birth Certificate";"173";"Dharmapuri, Tamil Nadu";2015-10-19
"I Paid Rs. 2525 to Commercial Tax, Sales Tax, VAT in Abhayapuri.";"INR 2,525";"Commercial Tax, Sales Tax, VAT";"C Form";"181";"Abhayapuri, Assam";2015-10-19
"I Paid Rs. 200 to Municipal Services in Abohar.";"INR 200";"Municipal Services";"Birth Certificate";"161";"Abohar, Punjab";2015-10-19
"I Paid Rs. 2500 to Municipal Services in Pune.";"INR 2,500";"Municipal Services";"Birth Certificate";"219";"Pune, Maharashtra";2015-10-18
"I Paid Rs. 10 to Others in Chennai.";"INR 10";"Others";"Others";"223";"Chennai, Tamil Nadu";2015-10-18
"I Paid Rs. 100 to Food, Civil Supplies and Consumer Affairs in Abhayapuri.";"INR 100";"Food, Civil Supplies and Consumer Affairs";"Issue of Ration Card";"240";"Abhayapuri, Assam";2015-10-18
"I Paid Rs. 100 to Others in Chennai.";"INR 100";"Others";"Others";"209";"Chennai, Tamil Nadu";2015-10-18
"I Paid Rs. 700 to Municipal Services in Abhayapuri.";"INR 700";"Municipal Services";"Birth Certificate";"238";"Abhayapuri, Assam";2015-10-18
"I Paid Rs. 1000 to Others in Bangalore.";"INR 1,000";"Others";"Others";"264";"Bangalore, Karnataka";2015-10-18
"I Paid Rs. 6000 to Municipal Services in Pune.";"INR 6,000";"Municipal Services";"Birth Certificate";"219";"Pune, Maharashtra";2015-10-18
"I Paid Rs. 19 to Municipal Services in Ludhiana.";"INR 19";"Municipal Services";"Birth Certificate";"189";"Ludhiana, Punjab";2015-10-18
"I paid bribe for Katha Transfer BBMP";"INR 15,000";"Revenue";"Residence Certificate";"262";"Bangalore, Karnataka";2015-10-18
"Name of the officer = sandipan guha date of incident = 7th sep 2015<U+2026>";"INR 10,000";"Police";"Filing FIR";"441";"Barrackpur, West Bengal";2015-10-17
"I Paid Rs. 100 to Municipal Services in Adari.";"INR 100";"Municipal Services";"Birth Certificate";"189";"Adari, Uttar Pradesh";2015-10-17
"Paid Bribe for Getting Stipend in M.Tech  during my studies- Andhra University";"INR 5,000";"Education";"Obtaining Scholarship";"228";"Visakhapatnam, Andhra Pradesh";2015-10-17
"I Paid Rs. 441 to Commercial Tax, Sales Tax, VAT in Adari.";"INR 441";"Commercial Tax, Sales Tax, VAT";"C Form";"229";"Adari, Uttar Pradesh";2015-10-17
"I Paid Rs. 10000 to Others in Mumbai.";"INR 10,000";"Others";"Others";"224";"Mumbai, Maharashtra";2015-10-17
"I Paid Rs. 25000 to Police in Adari.";"INR 25,000";"Police";"Filing FIR";"275";"Adari, Uttar Pradesh";2015-10-17
"I Paid Rs. 4300 to Municipal Services in Bhuj.";"INR 4,300";"Municipal Services";"Birth Certificate";"213";"Bhuj, Gujarat";2015-10-17
"I Paid Rs. 15 to Income Tax in New Delhi.";"INR 15";"Income Tax";"New PAN Card";"222";"New Delhi, Delhi";2015-10-17
"I Paid Rs. 200 to Income Tax in Mumbai.";"INR 200";"Income Tax";"New PAN Card";"187";"Mumbai, Maharashtra";2015-10-17
"I Paid Rs. 1000 to Municipal Services in Abhayapuri.";"INR 1,000";"Municipal Services";"Birth Certificate";"177";"Abhayapuri, Assam";2015-10-17
"Property Tax Collector takes bribe but issues remain pending.";"INR 7,000";"Municipal Services";"Property Tax";"173";"Chennai, Tamil Nadu";2015-10-16
"I Paid Rs. 2000000 to Income Tax in Mumbai.";"INR 20,00,000";"Income Tax";"New PAN Card";"174";"Mumbai, Maharashtra";2015-10-16
"I Paid Rs. 200 to Police in Kakinada.";"INR 200";"Police";"Police Clearance Certificate";"219";"Kakinada, Andhra Pradesh";2015-10-16
"Corrupt loafers of DEO office madurai";"INR 1,000";"Education";"School or College Related Activities";"197";"Madurai, Tamil Nadu";2015-10-16
"I Paid Rs. 1000 to Municipal Services in Adilabad.";"INR 1,000";"Municipal Services";"Birth Certificate";"195";"Adilabad, Telangana";2015-10-16
"I Paid Rs. 5 to Municipal Services in Kolkata.";"INR 5";"Municipal Services";"Birth Certificate";"160";"Kolkata, West Bengal";2015-10-16
"Was asked to Pay a Bribe of 500 for Police Verifiaction";"INR 500";"Police";"Police Verification for Passport";"254";"Howrah, West Bengal";2015-10-15
"I paid bribe to get approval of plan to build house";"INR 1,00,000";"Municipal Services";"Registration of Land";"230";"Kolkata, West Bengal";2015-10-15
"I Paid Rs. 100 to Municipal Services in Kota.";"INR 100";"Municipal Services";"Birth Certificate";"220";"Kota, Rajasthan";2015-10-15
"New connection request - paid INR 5300 receipt only for ~ INR 4800";"INR 500";"Food, Civil Supplies and Consumer Affairs";"New Gas Connection";"282";"Bangalore, Karnataka";2015-10-15
"I Paid Rs. 5 to Commercial Tax, Sales Tax, VAT in Mumbai.";"INR 5";"Commercial Tax, Sales Tax, VAT";"C Form";"214";"Mumbai, Maharashtra";2015-10-15
"I have Piad bride in RTO Office";"INR 2,000";"Transport";"General RTO related";"362";"Bangalore, Karnataka";2015-10-15
"I Paid Rs. 300 to Municipal Services in Abhayapuri.";"INR 300";"Municipal Services";"Birth Certificate";"215";"Abhayapuri, Assam";2015-10-14
"Paid bribe for Police clearance";"INR 2,500";"Passport";"Police Verification for Passport";"414";"Pune, Maharashtra";2015-10-14
"I Paid Rs. 20 to Police in Kurnool.";"INR 20";"Police";"Traffic Violations";"250";"Kurnool, Andhra Pradesh";2015-10-14
"I Paid Rs. 20 to Municipal Services in Siliguri.";"INR 20";"Municipal Services";"Birth Certificate";"222";"Siliguri, West Bengal";2015-10-14
"I Paid Rs. 10 to Customs, Excise and Service Tax in Pithoragarh.";"INR 10";"Customs, Excise and Service Tax";"Customs Check and Clearance";"240";"Pithoragarh, Uttarakhand";2015-10-14
"I Paid Rs. 20000 to Stamps and Registration in Tumkur.";"INR 20,000";"Stamps and Registration";"Marriage Certificate";"329";"Tumkur, Karnataka";2015-10-14
"I Paid Rs. 10 to Municipal Services in Hubli.";"INR 10";"Municipal Services";"Birth Certificate";"185";"Hubli, Karnataka";2015-10-14
"I Paid Rs. 2000 to Transport in Jalandhar.";"INR 2,000";"Transport";"New Domestic Driving License";"267";"Jalandhar, Punjab";2015-10-14
"I Paid Rs. 6000 to Municipal Services in Abohar.";"INR 6,000";"Municipal Services";"Birth Certificate";"201";"Abohar, Punjab";2015-10-14
"I Paid Rs. 11 to Municipal Services in Kota.";"INR 11";"Municipal Services";"Birth Certificate";"172";"Kota, Rajasthan";2015-10-14
"I Paid Rs. 200 to Food, Civil Supplies and Consumer Affairs in Banda.";"INR 200";"Food, Civil Supplies and Consumer Affairs";"Issue of Ration Card";"200";"Banda, Uttar Pradesh";2015-10-14
"I Paid Rs. 123 to Others in Bharatpur.";"INR 123";"Others";"Others";"158";"Bharatpur, Rajasthan";2015-10-14
"I Paid Rs. 10 to Food, Civil Supplies and Consumer Affairs in Salem.";"INR 10";"Food, Civil Supplies and Consumer Affairs";"Issue of Ration Card";"140";"Salem, Tamil Nadu";2015-10-14
"I Paid Rs. 500 to Municipal Services in Nagaon.";"INR 500";"Municipal Services";"Birth Certificate";"115";"Nagaon, Assam";2015-10-14
"I Paid Rs. 200 to Police in Nainital.";"INR 200";"Police";"Traffic Violations";"145";"Nainital, Uttarakhand";2015-10-14
"I Paid Rs. 5000 to Transport in Adilabad.";"INR 5,000";"Transport";"Duplicate Registration Certificate";"154";"Adilabad, Telangana";2015-10-14
"I Paid Rs. 10 to Municipal Services in Abhayapuri.";"INR 10";"Municipal Services";"Birth Certificate";"103";"Abhayapuri, Assam";2015-10-14
"I Paid Rs. 250000 to Municipal Services in Baran.";"INR 2,50,000";"Municipal Services";"Birth Certificate";"50";"Baran, Rajasthan";2015-10-14
"I Paid Rs. 30000 to Municipal Services in Bangalore.";"INR 30,000";"Municipal Services";"Birth Certificate";"125";"Bangalore, Karnataka";2015-10-14
"I Paid Rs. 3000 to Others in Bijnaur.";"INR 3,000";"Others";"Others";"106";"Bijnaur, Uttar Pradesh";2015-10-14
"I Paid Rs. 100 to Others in Bilaspur.";"INR 100";"Others";"Others";"109";"Bilaspur, Chhattisgarh";2015-10-14
"I Paid Rs. 10 to Commercial Tax, Sales Tax, VAT in Ghaziabad.";"INR 10";"Commercial Tax, Sales Tax, VAT";"C Form";"114";"Ghaziabad, Uttar Pradesh";2015-10-14
"I Paid Rs. 70000 to Municipal Services in Bagaha.";"INR 70,000";"Municipal Services";"Birth Certificate";"66";"Bagaha, Bihar";2015-10-14
"I Paid Rs. 500 to Municipal Services in Abohar.";"INR 500";"Municipal Services";"Birth Certificate";"115";"Abohar, Punjab";2015-10-14
"I Paid Rs. 10 to Municipal Services in Varanasi.";"INR 10";"Municipal Services";"Birth Certificate";"98";"Varanasi, Uttar Pradesh";2015-10-14
"Police verification for Passport";"INR 500";"Public Works Department";"Public Works";"194";"Bangalore, Karnataka";2015-10-13
"I Paid Rs. 5000 to Police in Bangalore.";"INR 5,000";"Police";"Traffic Violations";"219";"Bangalore, Karnataka";2015-10-13
"I Paid Rs. 20 to Municipal Services in Chennai.";"INR 20";"Municipal Services";"Birth Certificate";"193";"Chennai, Tamil Nadu";2015-10-13
"I Paid Rs. 9999 to Customs, Excise and Service Tax in Abhayapuri.";"INR 9,999";"Customs, Excise and Service Tax";"Customs Check and Clearance";"207";"Abhayapuri, Assam";2015-10-13
"I Paid Rs. 10 to Municipal Services in Hyderabad.";"INR 10";"Municipal Services";"Birth Certificate";"184";"Hyderabad, Telangana";2015-10-13
"I Paid Rs. 555 to Municipal Services in Achhnera.";"INR 555";"Municipal Services";"Birth Certificate";"206";"Achhnera, Uttar Pradesh";2015-10-13
"I Paid Rs. 20000 to Municipal Services in Abhayapuri.";"INR 20,000";"Municipal Services";"Birth Certificate";"169";"Abhayapuri, Assam";2015-10-13
"I Paid Rs. 12 to Municipal Services in Adilabad.";"INR 12";"Municipal Services";"Birth Certificate";"168";"Adilabad, Telangana";2015-10-13
"I Paid Rs. 10 to Commercial Tax, Sales Tax, VAT in New Delhi.";"INR 10";"Commercial Tax, Sales Tax, VAT";"C Form";"197";"New Delhi, Delhi";2015-10-13
"I Paid Rs. 22222 to Stamps and Registration in Bangalore.";"INR 22,222";"Stamps and Registration";"Registration of Property";"261";"Bangalore, Karnataka";2015-10-13
"I Paid Rs. 10 to Income Tax in Chandigarh.";"INR 10";"Income Tax";"New PAN Card";"166";"Chandigarh, Chandigarh";2015-10-13
"I Paid Rs. 565 to Stamps and Registration in Alipurduar.";"INR 565";"Stamps and Registration";"Registration of Property";"197";"Alipurduar, West Bengal";2015-10-13
"I Paid Rs. 30 to Municipal Services in Abohar.";"INR 30";"Municipal Services";"Birth Certificate";"123";"Abohar, Punjab";2015-10-13
"I Paid Rs. 10000 to Others in Guntur.";"INR 10,000";"Others";"Others";"144";"Guntur, Andhra Pradesh";2015-10-13
"I Paid Rs. 10000 to Municipal Services in Srivilliputhur.";"INR 10,000";"Municipal Services";"Birth Certificate";"121";"Srivilliputhur, Tamil Nadu";2015-10-13
"I Paid Rs. 100 to Municipal Services in Chennai.";"INR 100";"Municipal Services";"Birth Certificate";"95";"Chennai, Tamil Nadu";2015-10-13
"I Paid Rs. 1000 to Others in New Delhi.";"INR 1,000";"Others";"Others";"161";"New Delhi, Delhi";2015-10-13
"I Paid Rs. 1000 to Others in Lucknow.";"INR 1,000";"Others";"Others";"140";"Lucknow, Uttar Pradesh";2015-10-13
"I Paid Rs. 20 to Police in Abhayapuri.";"INR 20";"Police";"Traffic Violations";"138";"Abhayapuri, Assam";2015-10-13
"I Paid Rs. 3000 to Police in Bangalore.";"INR 3,000";"Police";"Filing FIR";"202";"Bangalore, Karnataka";2015-10-13
"I Paid Rs. 50 to Others in Raipur.";"INR 50";"Others";"Others";"152";"Raipur, Chhattisgarh";2015-10-13
"I Paid Rs. 100 to Municipal Services in Abhayapuri.";"INR 100";"Municipal Services";"Birth Certificate";"148";"Abhayapuri, Assam";2015-10-13
"I Paid Rs. 100 to Municipal Services in New Delhi.";"INR 100";"Municipal Services";"Birth Certificate";"59";"New Delhi, Delhi";2015-10-13
"I Paid Rs. 1000 to Others in Coimbatore.";"INR 1,000";"Others";"Others";"88";"Coimbatore, Tamil Nadu";2015-10-13
"I Paid Rs. 12 to Commercial Tax, Sales Tax, VAT in Hathras.";"INR 12";"Commercial Tax, Sales Tax, VAT";"C Form";"101";"Hathras, Uttar Pradesh";2015-10-13
"I Paid Rs. 800 to Customs, Excise and Service Tax in Bangalore.";"INR 800";"Customs, Excise and Service Tax";"Customs Check and Clearance";"186";"Bangalore, Karnataka";2015-10-13
"I Paid Rs. 500 to Food, Civil Supplies and Consumer Affairs in Calicut.";"INR 500";"Food, Civil Supplies and Consumer Affairs";"Issue of Ration Card";"113";"Calicut, Kerala";2015-10-13
"I Paid Rs. 210 to Income Tax in Banka.";"INR 210";"Income Tax";"New PAN Card";"116";"Banka, Bihar";2015-10-13
"I Paid Rs. 400 to Police in New Delhi.";"INR 400";"Police";"Police Verification for Passport";"117";"New Delhi, Delhi";2015-10-13
"I Paid Rs. 100 to Others in Kolhapur.";"INR 100";"Others";"Others";"76";"Kolhapur, Maharashtra";2015-10-13
"I Paid Rs. 1000 to Food, Civil Supplies and Consumer Affairs in Bangalore.";"INR 1,000";"Food, Civil Supplies and Consumer Affairs";"Issue of Ration Card";"122";"Bangalore, Karnataka";2015-10-13
"I Paid Rs. 500 to Customs, Excise and Service Tax in Bangalore.";"INR 500";"Customs, Excise and Service Tax";"Customs Check and Clearance";"134";"Bangalore, Karnataka";2015-10-13
"I Paid Rs. 400 to Stamps and Registration in New Delhi.";"INR 400";"Stamps and Registration";"Marriage Certificate";"141";"New Delhi, Delhi";2015-10-13
"I Paid Rs. 2000 to Municipal Services in Hyderabad.";"INR 2,000";"Municipal Services";"Birth Certificate";"80";"Hyderabad, Telangana";2015-10-13
"I Paid Rs. 200 to Police in New Delhi.";"INR 200";"Police";"Traffic Violations";"123";"New Delhi, Delhi";2015-10-13
"I Paid Rs. 500 to Police in New Delhi.";"INR 500";"Police";"Police Verification for Passport";"111";"New Delhi, Delhi";2015-10-13
"I Paid Rs. 500 to Police in New Delhi.";"INR 500";"Police";"Police Verification for Passport";"67";"New Delhi, Delhi";2015-10-13
"I Paid Rs. 500 to Transport in Bangalore.";"INR 500";"Transport";"Duplicate Registration Certificate";"161";"Bangalore, Karnataka";2015-10-13
"I Paid Rs. 1500 to Customs, Excise and Service Tax in New Delhi.";"INR 1,500";"Customs, Excise and Service Tax";"Customs Check and Clearance";"129";"New Delhi, Delhi";2015-10-13
"I Paid Rs. 500 to Police in Bangalore.";"INR 500";"Police";"Filing FIR";"86";"Bangalore, Karnataka";2015-10-13
"I Paid Rs. 1000 to Commercial Tax, Sales Tax, VAT in Aizawl.";"INR 1,000";"Commercial Tax, Sales Tax, VAT";"C Form";"105";"Aizawl, Mizoram";2015-10-13
"I Paid Rs. 15000 to Customs, Excise and Service Tax in Bangalore.";"INR 15,000";"Customs, Excise and Service Tax";"Customs Check and Clearance";"130";"Bangalore, Karnataka";2015-10-13
"I Paid Rs. 77 to Police in Adoni.";"INR 77";"Police";"Traffic Violations";"69";"Adoni, Andhra Pradesh";2015-10-13
"I Paid Rs. 100000 to Stamps and Registration in Bangalore.";"INR 1,00,000";"Stamps and Registration";"Registration of Property";"152";"Bangalore, Karnataka";2015-10-13
"I Paid Rs. 500 to Municipal Services in Bangalore.";"INR 500";"Municipal Services";"Birth Certificate";"57";"Bangalore, Karnataka";2015-10-13
"I Paid Rs. 600 to Transport in Bangalore.";"INR 600";"Transport";"Duplicate Registration Certificate";"139";"Bangalore, Karnataka";2015-10-13
"I Paid Rs. 800 to Transport in Bangalore.";"INR 800";"Transport";"Duplicate Registration Certificate";"132";"Bangalore, Karnataka";2015-10-13
"I Paid Rs. 500 to Municipal Services in Jaipur.";"INR 500";"Municipal Services";"Birth Certificate";"135";"Jaipur, Rajasthan";2015-10-13
"I Paid Rs. 700 to Police in Pune.";"INR 700";"Police";"Traffic Violations";"143";"Pune, Maharashtra";2015-10-12
"I Paid Rs. 500 to Stamps and Registration in Guwahati.";"INR 500";"Stamps and Registration";"Marriage Certificate";"169";"Guwahati, Assam";2015-10-12
"I Paid Rs. 500 to Police in New Delhi.";"INR 500";"Police";"Police Verification for Passport";"130";"New Delhi, Delhi";2015-10-12
"I Paid Rs. 600 to Transport in New Delhi.";"INR 600";"Transport";"New Domestic Driving License";"157";"New Delhi, Delhi";2015-10-12
"I Paid Rs. 1500 to Customs, Excise and Service Tax in New Delhi.";"INR 1,500";"Customs, Excise and Service Tax";"Customs Check and Clearance";"148";"New Delhi, Delhi";2015-10-12
"I Paid Rs. 500 to Transport in New Delhi.";"INR 500";"Transport";"New Domestic Driving License";"173";"New Delhi, Delhi";2015-10-12
"I Paid Rs. 1000 to Customs, Excise and Service Tax in New Delhi.";"INR 1,000";"Customs, Excise and Service Tax";"Customs Check and Clearance";"127";"New Delhi, Delhi";2015-10-12
"I Paid Rs. 500 to Police in New Delhi.";"INR 500";"Police";"Police Verification for Passport";"153";"New Delhi, Delhi";2015-10-12
"I Paid Rs. 2400 to Food, Civil Supplies and Consumer Affairs in Indore.";"INR 2,400";"Food, Civil Supplies and Consumer Affairs";"Issue of Ration Card";"143";"Indore, Madhya Pradesh";2015-10-12
"I Paid Rs. 2610 to Food, Civil Supplies and Consumer Affairs in Indore.";"INR 2,610";"Food, Civil Supplies and Consumer Affairs";"Issue of Ration Card";"139";"Indore, Madhya Pradesh";2015-10-12
"I Paid Rs. 3610 to Food, Civil Supplies and Consumer Affairs in Indore.";"INR 3,610";"Food, Civil Supplies and Consumer Affairs";"Issue of Ration Card";"121";"Indore, Madhya Pradesh";2015-10-12
"I Paid Rs. 800 to Food, Civil Supplies and Consumer Affairs in Indore.";"INR 800";"Food, Civil Supplies and Consumer Affairs";"Issue of Ration Card";"102";"Indore, Madhya Pradesh";2015-10-12
"I Paid Rs. 1200 to Food, Civil Supplies and Consumer Affairs in Indore.";"INR 1,200";"Food, Civil Supplies and Consumer Affairs";"Issue of Ration Card";"116";"Indore, Madhya Pradesh";2015-10-12
"I Paid Rs. 3200 to Food, Civil Supplies and Consumer Affairs in Indore.";"INR 3,200";"Food, Civil Supplies and Consumer Affairs";"Issue of Ration Card";"96";"Indore, Madhya Pradesh";2015-10-12
"I Paid Rs. 4000 to Food, Civil Supplies and Consumer Affairs in Indore.";"INR 4,000";"Food, Civil Supplies and Consumer Affairs";"Issue of Ration Card";"99";"Indore, Madhya Pradesh";2015-10-12
"I Paid Rs. 15000 to Food, Civil Supplies and Consumer Affairs in Indore.";"INR 15,000";"Food, Civil Supplies and Consumer Affairs";"Issue of Ration Card";"116";"Indore, Madhya Pradesh";2015-10-12
"I Paid Rs. 3000 to Food, Civil Supplies and Consumer Affairs in Indore.";"INR 3,000";"Food, Civil Supplies and Consumer Affairs";"Issue of Ration Card";"109";"Indore, Madhya Pradesh";2015-10-12
"I Paid Rs. 2500 to Food, Civil Supplies and Consumer Affairs in Indore.";"INR 2,500";"Food, Civil Supplies and Consumer Affairs";"Issue of Ration Card";"93";"Indore, Madhya Pradesh";2015-10-12
"I Paid Rs. 2000 to Food, Civil Supplies and Consumer Affairs in Indore.";"INR 2,000";"Food, Civil Supplies and Consumer Affairs";"Issue of Ration Card";"78";"Indore, Madhya Pradesh";2015-10-12
"I Paid Rs. 2500 to Food, Civil Supplies and Consumer Affairs in Indore.";"INR 2,500";"Food, Civil Supplies and Consumer Affairs";"Issue of Ration Card";"52";"Indore, Madhya Pradesh";2015-10-12
"I Paid Rs. 1400 to Food, Civil Supplies and Consumer Affairs in Indore.";"INR 1,400";"Food, Civil Supplies and Consumer Affairs";"Issue of Ration Card";"49";"Indore, Madhya Pradesh";2015-10-12
"I Paid Rs. 800 to Food, Civil Supplies and Consumer Affairs in Indore.";"INR 800";"Food, Civil Supplies and Consumer Affairs";"Issue of Ration Card";"46";"Indore, Madhya Pradesh";2015-10-12
"I Paid Rs. 2000 to Municipal Services in Agra.";"INR 2,000";"Municipal Services";"Birth Certificate";"87";"Agra, Uttar Pradesh";2015-10-12
"I Paid Rs. 900 to Food, Civil Supplies and Consumer Affairs in Indore.";"INR 900";"Food, Civil Supplies and Consumer Affairs";"Issue of Ration Card";"51";"Indore, Madhya Pradesh";2015-10-12
"I Paid Rs. 1000 to Municipal Services in Agra.";"INR 1,000";"Municipal Services";"Birth Certificate";"92";"Agra, Uttar Pradesh";2015-10-12
"I Paid Rs. 500 to Food, Civil Supplies and Consumer Affairs in Indore.";"INR 500";"Food, Civil Supplies and Consumer Affairs";"Issue of Ration Card";"36";"Indore, Madhya Pradesh";2015-10-12
"I Paid Rs. 1800 to Municipal Services in Agra.";"INR 1,800";"Municipal Services";"Birth Certificate";"73";"Agra, Uttar Pradesh";2015-10-12
"I Paid Rs. 610 to Food, Civil Supplies and Consumer Affairs in Indore.";"INR 610";"Food, Civil Supplies and Consumer Affairs";"Issue of Ration Card";"30";"Indore, Madhya Pradesh";2015-10-12
"I Paid Rs. 2400 to Municipal Services in Agra.";"INR 2,400";"Municipal Services";"Birth Certificate";"55";"Agra, Uttar Pradesh";2015-10-12
"I Paid Rs. 1500 to Food, Civil Supplies and Consumer Affairs in Indore.";"INR 1,500";"Food, Civil Supplies and Consumer Affairs";"Issue of Ration Card";"26";"Indore, Madhya Pradesh";2015-10-12
"I Paid Rs. 2610 to Municipal Services in Agra.";"INR 2,610";"Municipal Services";"Birth Certificate";"50";"Agra, Uttar Pradesh";2015-10-12
"I Paid Rs. 1200 to Food, Civil Supplies and Consumer Affairs in Indore.";"INR 1,200";"Food, Civil Supplies and Consumer Affairs";"Issue of Ration Card";"22";"Indore, Madhya Pradesh";2015-10-12
"I Paid Rs. 3610 to Municipal Services in Agra.";"INR 3,610";"Municipal Services";"Birth Certificate";"38";"Agra, Uttar Pradesh";2015-10-12
"I Paid Rs. 4000 to Food, Civil Supplies and Consumer Affairs in Indore.";"INR 4,000";"Food, Civil Supplies and Consumer Affairs";"Issue of Ration Card";"20";"Indore, Madhya Pradesh";2015-10-12
"I Paid Rs. 800 to Municipal Services in Agra.";"INR 800";"Municipal Services";"Birth Certificate";"38";"Agra, Uttar Pradesh";2015-10-12
"I Paid Rs. 3000 to Food, Civil Supplies and Consumer Affairs in Indore.";"INR 3,000";"Food, Civil Supplies and Consumer Affairs";"Issue of Ration Card";"23";"Indore, Madhya Pradesh";2015-10-12
"I Paid Rs. 2000 to Food, Civil Supplies and Consumer Affairs in Indore.";"INR 2,000";"Food, Civil Supplies and Consumer Affairs";"Issue of Ration Card";"22";"Indore, Madhya Pradesh";2015-10-12
"I Paid Rs. 1200 to Municipal Services in Agra.";"INR 1,200";"Municipal Services";"Birth Certificate";"35";"Agra, Uttar Pradesh";2015-10-12
"I Paid Rs. 1000 to Food, Civil Supplies and Consumer Affairs in Indore.";"INR 1,000";"Food, Civil Supplies and Consumer Affairs";"Issue of Ration Card";"17";"Indore, Madhya Pradesh";2015-10-12
"I Paid Rs. 3200 to Municipal Services in Agra.";"INR 3,200";"Municipal Services";"Birth Certificate";"32";"Agra, Uttar Pradesh";2015-10-12
"I Paid Rs. 1800 to Food, Civil Supplies and Consumer Affairs in Indore.";"INR 1,800";"Food, Civil Supplies and Consumer Affairs";"Issue of Ration Card";"18";"Indore, Madhya Pradesh";2015-10-12
"I Paid Rs. 4000 to Municipal Services in Agra.";"INR 4,000";"Municipal Services";"Birth Certificate";"23";"Agra, Uttar Pradesh";2015-10-12
"I Paid Rs. 2400 to Food, Civil Supplies and Consumer Affairs in Indore.";"INR 2,400";"Food, Civil Supplies and Consumer Affairs";"Issue of Ration Card";"17";"Indore, Madhya Pradesh";2015-10-12
"I Paid Rs. 15000 to Municipal Services in Agra.";"INR 15,000";"Municipal Services";"Birth Certificate";"16";"Agra, Uttar Pradesh";2015-10-12
"I Paid Rs. 2610 to Food, Civil Supplies and Consumer Affairs in Indore.";"INR 2,610";"Food, Civil Supplies and Consumer Affairs";"Issue of Ration Card";"16";"Indore, Madhya Pradesh";2015-10-12
"I Paid Rs. 3000 to Municipal Services in Agra.";"INR 3,000";"Municipal Services";"Birth Certificate";"16";"Agra, Uttar Pradesh";2015-10-12
